guild_id,movie_id
693897842967838731,8
693897842967838731,163
693897842967838731,164
705902859643912193,8
705902859643912193,9
705902859643912193,10
705902859643912193,11
705902859643912193,12
705902859643912193,13
705902859643912193,14
705902859643912193,15
705902859643912193,16
705902859643912193,17
705902859643912193,18
705902859643912193,19
705902859643912193,20
705902859643912193,21
705902859643912193,22
705902859643912193,23
705902859643912193,24
705902859643912193,25
705902859643912193,26
705902859643912193,27
705902859643912193,28
705902859643912193,29
705902859643912193,30
705902859643912193,31
705902859643912193,32
705902859643912193,33
705902859643912193,34
705902859643912193,35
705902859643912193,36
705902859643912193,37
705902859643912193,38
705902859643912193,39
705902859643912193,40
705902859643912193,41
705902859643912193,42
705902859643912193,43
705902859643912193,44
705902859643912193,45
705902859643912193,46
705902859643912193,47
705902859643912193,48
705902859643912193,49
705902859643912193,50
705902859643912193,51
705902859643912193,52
705902859643912193,53
705902859643912193,54
705902859643912193,55
705902859643912193,56
705902859643912193,57
705902859643912193,58
705902859643912193,59
705902859643912193,60
705902859643912193,61
705902859643912193,62
705902859643912193,63
705902859643912193,64
705902859643912193,65
705902859643912193,66
705902859643912193,67
705902859643912193,68
705902859643912193,69
705902859643912193,70
705902859643912193,71
705902859643912193,72
705902859643912193,73
705902859643912193,74
705902859643912193,75
705902859643912193,76
705902859643912193,77
705902859643912193,78
705902859643912193,79
705902859643912193,80
705902859643912193,81
705902859643912193,82
705902859643912193,83
705902859643912193,84
705902859643912193,85
705902859643912193,86
705902859643912193,87
705902859643912193,88
705902859643912193,89
705902859643912193,90
705902859643912193,91
705902859643912193,92
705902859643912193,93
705902859643912193,94
705902859643912193,95
705902859643912193,96
705902859643912193,97
705902859643912193,98
705902859643912193,99
705902859643912193,100
705902859643912193,101
705902859643912193,102
705902859643912193,103
705902859643912193,104
705902859643912193,105
705902859643912193,106
705902859643912193,107
705902859643912193,108
705902859643912193,109
705902859643912193,110
705902859643912193,111
705902859643912193,112
705902859643912193,113
705902859643912193,114
705902859643912193,115
705902859643912193,116
705902859643912193,117
705902859643912193,118
705902859643912193,119
705902859643912193,120
705902859643912193,121
705902859643912193,122
705902859643912193,123
705902859643912193,124
705902859643912193,125
705902859643912193,126
705902859643912193,127
705902859643912193,128
705902859643912193,129
705902859643912193,130
705902859643912193,131
705902859643912193,132
705902859643912193,133
705902859643912193,134
705902859643912193,135
705902859643912193,136
705902859643912193,137
705902859643912193,138
705902859643912193,139
705902859643912193,140
705902859643912193,141
705902859643912193,142
705902859643912193,143
705902859643912193,144
705902859643912193,145
705902859643912193,146
705902859643912193,147
705902859643912193,148
705902859643912193,149
705902859643912193,150
705902859643912193,151
705902859643912193,152
705902859643912193,153
705902859643912193,154
705902859643912193,155
705902859643912193,166
705902859643912193,167
705902859643912193,168
705902859643912193,169
705902859643912193,170
705902859643912193,171
705902859643912193,172
705902859643912193,173
705902859643912193,174
705902859643912193,176
705902859643912193,177
705902859643912193,178
705902859643912193,179
705902859643912193,180
705902859643912193,181
705902859643912193,182
705902859643912193,183
705902859643912193,184
705902859643912193,185
705902859643912193,186
705902859643912193,187
705902859643912193,188
705902859643912193,189
705902859643912193,190
705902859643912193,191
705902859643912193,192
705902859643912193,193
705902859643912193,194
705902859643912193,195
705902859643912193,196
705902859643912193,197
705902859643912193,199
705902859643912193,200
705902859643912193,201
705902859643912193,202
705902859643912193,203
705902859643912193,204
705902859643912193,205
705902859643912193,206
705902859643912193,207
705902859643912193,208
705902859643912193,209
705902859643912193,210
705902859643912193,211
705902859643912193,212
705902859643912193,213
705902859643912193,214
705902859643912193,215
705902859643912193,216
705902859643912193,217
705902859643912193,218
705902859643912193,219
705902859643912193,220
705902859643912193,221
705902859643912193,222
705902859643912193,223
705902859643912193,224
705902859643912193,225
705902859643912193,226
705902859643912193,227
705902859643912193,228
705902859643912193,229
705902859643912193,230
705902859643912193,231
705902859643912193,232
705902859643912193,233
705902859643912193,234
705902859643912193,235
705902859643912193,236
705902859643912193,237
705902859643912193,238
705902859643912193,239
705902859643912193,240
705902859643912193,241
705902859643912193,242
705902859643912193,243
705902859643912193,244
705902859643912193,245
705902859643912193,246
705902859643912193,247
705902859643912193,248
705902859643912193,249
705902859643912193,250
705902859643912193,251
705902859643912193,252
705902859643912193,253
705902859643912193,254
705902859643912193,255
705902859643912193,256
705902859643912193,257
705902859643912193,258
705902859643912193,259
705902859643912193,260
705902859643912193,261
705902859643912193,262
705902859643912193,263
705902859643912193,264
705902859643912193,265
705902859643912193,266
705902859643912193,267
705902859643912193,268
705902859643912193,269
705902859643912193,270
705902859643912193,271
705902859643912193,272
705902859643912193,273
705902859643912193,274
705902859643912193,275
705902859643912193,276
705902859643912193,277
705902859643912193,278
705902859643912193,279
705902859643912193,280
705902859643912193,281
705902859643912193,282
705902859643912193,283
705902859643912193,284
705902859643912193,285
705902859643912193,286
705902859643912193,287
705902859643912193,288
705902859643912193,289
705902859643912193,290
705902859643912193,291
705902859643912193,292
705902859643912193,293
705902859643912193,294
705902859643912193,295
705902859643912193,296
705902859643912193,297
705902859643912193,298
705902859643912193,299
705902859643912193,300
705902859643912193,301
705902859643912193,302
705902859643912193,303
705902859643912193,304